{
  "employee": [
    {
      "name": "Om Patil",
      "email": "patilom5@gmail.com",
      "contact": "7895464356",
      "id": 1
    },
    {
      "name": "Abhishek Bhalerao",
      "email": "abhibhalerao@gmail.com",
      "contact": "7485215688",
      "id": 2
    },
    {
      "name": "Shweta Jadhav",
      "email": "swjadhav@gmail.com",
      "contact": "9852521666",
      "id": 3
    },
    {
      "name": "Ujjaval Nikam",
      "email": "nikamu@gmail.com",
      "contact": "8975424569",
      "id": 4
    }
  ]
}